user_id,anime_id,rating
1,11917,7
1,53236,9
1,49590,7
1,21,9
1,38883,7
1,2402,9
1,38691,8
1,50602,8
1,13125,8
1,35737,9
1,52991,7
1,59027,9
1,21899,8
1,36838,7
1,35557,9
1,3091,9
1,11979,8
1,57864,7
1,31933,8
1,5028,7
1,5258,8
1,32935,8
1,40776,9
1,44074,7
1,37208,8
1,15417,9
1,38524,8
1,36649,8
1,7655,9
1,16498,7
1,44940,7
1,39486,9
1,31757,9
1,60489,7
1,1735,9
1,16894,8
1,1210,9
1,59062,8
1,1142,5
1,57433,7
1,2966,7
1,49571,5
1,48569,8
1,36885,8
1,38474,8
1,40664,6
1,40730,8
1,39535,7
1,338,5
1,49574,6
1,36990,6
1,56538,8
1,55102,6
1,50594,8
1,11577,7
1,37510,9
1,59551,7
1,62927,6
1,44055,5
2,32843,8
2,50159,7
2,60557,9
2,30230,6
2,9735,7
2,51179,5
2,53393,8
2,58919,5
2,10087,7
2,58390,7
2,59983,8
2,60489,9
2,22297,6
2,60420,6
2,38329,8
2,52578,7
2,42310,8
2,43325,6
2,38691,8
2,58567,9
2,245,8
2,585,8
2,11741,8
2,49114,5
2,55888,8
2,33352,9
2,20651,6
2,5420,5
2,2418,6
2,9260,5
2,7472,8
2,60544,8
2,12355,8
2,50602,6
2,22789,5
2,34599,7
2,52684,6
2,55791,7
2,40059,5
2,38040,7
2,31988,6
2,40776,7
2,6,7
2,18115,6
2,60058,6
2,54492,6
2,35677,5
2,59978,9
2,185,8
2,56215,6
2,44412,5
2,37078,7
2,2402,7
2,4107,5
2,12115,8
2,32188,6
2,49458,7
2,38474,6
2,512,8
2,50330,6
2,40787,5
2,2966,8
2,62076,6
2,5028,7
2,36862,8
3,13601,8
3,59986,8
3,28977,8
3,44087,8
3,37105,7
3,30276,7
3,1,7
3,52588,8
3,820,8
3,1033,7
3,36371,7
3,42886,7
3,23327,8
3,1698,7
3,467,7
3,2251,7
3,54898,7
3,56752,8
3,37965,8
3,24687,7
3,49818,7
3,62277,7
3,39486,9
3,37491,7
3,51805,9
3,33095,8
3,36370,7
3,62076,9
3,6675,8
3,21939,9
3,918,9
3,44,8
3,1453,9
3,5341,7
3,46102,7
3,43,9
3,10271,8
3,9969,7
3,32366,9
3,12431,9
3,2966,7
3,1519,9
3,58567,7
3,34537,9
3,38003,7
3,15417,7
3,6,7
3,40729,8
3,5690,7
3,40059,7
3,10165,9
3,34612,8
3,38329,9
3,53223,8
3,57433,6
3,46654,6
3,37514,8
3,32281,6
3,49701,6
3,31181,5
3,9260,7
3,45556,5
3,24415,6
3,38883,7
3,37999,6
3,185,7
3,38731,7
3,6811,7
3,5081,5
3,46095,8
3,36999,5
3,62568,6
3,60570,7
3,12531,5
3,136,5
3,53273,9
3,11741,7
3,44412,8
3,5420,8
3,55318,7
4,53447,9
4,30709,9
4,2246,9
4,36838,7
4,50399,9
4,37989,7
4,57864,7
4,53223,7
4,49926,9
4,9735,7
4,5300,8
4,6945,8
4,36649,9
4,139,9
4,45,7
4,59953,7
4,44940,8
4,44087,7
4,9989,7
4,33050,7
4,21329,9
4,37521,7
4,25777,8
4,19123,9
4,44412,8
4,25681,9
4,2921,7
4,25835,6
4,2150,6
4,57,5
4,58788,9
4,62927,5
4,55888,8
4,55016,6
4,51179,5
4,58222,5
4,30230,8
4,39167,5
4,33095,8
4,53672,7
5,338,10
5,45577,9
5,59571,10
5,58788,8
5,38088,9
5,25835,9
5,2904,9
5,42886,9
5,12029,10
5,33095,9
5,820,8
5,1142,10
5,3091,8
5,329,8
5,49413,10
5,22507,10
5,54870,10
5,37987,9
5,56752,8
5,185,9
5,1033,8
5,36649,9
5,40787,9
5,54029,9
5,36098,8
5,33051,9
5,59150,8
5,2966,8
5,35677,9
5,28851,9
5,11981,10
5,60058,9
5,5341,8
5,51535,10
5,11577,9
5,6114,9
5,9253,10
5,59845,9
5,55255,9
5,40211,9
5,2685,9
5,9863,9
5,58572,6
5,30709,6
5,62076,8
5,22535,6
5,49918,8
5,139,9
5,62927,8
5,40834,8
5,37055,9
5,59027,9
5,44087,7
5,37078,6
5,57067,8
5,36946,8
5,40059,8
5,15335,7
5,5205,7
5,558,8
5,1,8
5,34798,9
5,34096,8
5,30276,6
6,59150,10
6,49721,8
6,759,9
6,62568,8
6,38524,10
6,31181,9
6,57592,10
6,38040,8
6,10534,8
6,34612,10
6,39587,8
6,4282,8
6,61316,9
6,7785,9
6,59027,8
6,5690,8
6,49413,10
6,55357,10
6,54029,10
6,1535,8
6,45,10
6,47794,9
6,245,9
6,30654,10
6,372,9
6,3786,8
6,813,9
6,30276,8
6,19,9
6,61903,9
6,11843,9
6,12431,10
6,40853,10
6,5,9
6,47778,8
6,431,6
6,37055,8
6,61952,9
6,24415,7
6,38680,9
6,49114,6
6,53447,9
6,40434,9
6,467,8
6,5258,7
6,19123,8
6,36371,9
6,5941,9
6,40211,7
6,41025,6
6,40776,7
6,39112,7
7,18,7
7,57647,7
7,61930,9
7,42941,8
7,186,9
7,338,9
7,185,7
7,59636,7
7,22507,9
7,6675,9
7,61469,9
7,2418,7
7,54959,5
7,44074,7
7,2921,7
7,3786,9
7,1453,7
7,627,5
7,33050,7
7,56524,5
7,4181,7
7,777,8
7,39486,6
7,35180,8
7,1142,6
7,34798,8
7,41084,7
7,56784,9
7,35466,6
7,40787,7
7,39247,8
7,39167,8
7,53447,7
7,10408,8
7,50159,8
7,51553,7
7,41467,7
7,1842,5
7,31181,7
7,52588,6
7,34534,8
8,5690,9
8,34636,9
8,36838,8
8,31988,10
8,7472,8
8,2251,10
8,28977,9
8,918,8
8,39486,8
8,55318,8
8,39894,9
8,34096,9
8,37491,9
8,1519,10
8,205,10
8,43325,9
8,35677,8
8,40052,10
8,15417,10
8,9735,8
8,42310,9
8,1842,6
8,12355,9
8,25777,6
8,10162,6
8,32935,9
8,3091,9
8,37208,9
8,60420,9
8,58390,6
8,44511,9
8,32983,8
8,57658,8
9,43325,9
9,49590,9
9,49918,8
9,59986,9
9,11741,8
9,61517,7
9,39551,7
9,40059,7
9,36838,8
9,164,7
9,33050,9
9,55102,7
9,38450,9
9,41467,9
9,60988,9
9,138,9
9,55772,9
9,62340,7
9,55866,9
9,1033,8
9,54898,8
9,10271,8
9,50183,7
9,53447,9
9,12029,9
9,33095,8
9,48561,9
9,63019,8
9,59192,8
9,801,8
9,49114,9
9,37520,9
9,54595,9
9,51805,8
9,4282,8
9,186,9
9,18115,9
9,52991,8
9,35247,6
9,28735,7
9,9989,8
9,37779,8
9,61903,8
9,10165,8
9,61335,8
9,5941,6
9,39741,6
9,59636,9
9,56538,5
9,58514,7
9,35466,7
9,1575,7
9,10937,6
9,52578,7
9,10863,6
9,40417,8
9,58788,7
9,20583,7
10,55888,9
10,48316,8
10,39535,10
10,39551,10
10,38450,10
10,37055,9
10,52034,10
10,45576,9
10,51179,10
10,37208,9
10,60058,10
10,54595,10
10,41487,10
10,40434,8
10,55791,9
10,37095,8
10,513,6
10,53998,9
10,18617,6
10,34612,7
10,59228,6
10,42203,8
10,55102,6
10,12365,10
10,36649,6
10,6811,9
10,62277,9
10,59636,8
10,18115,6
10,36862,9
10,24415,6
10,55825,9
10,31240,9
10,11979,8
10,49721,9
10,57,6
10,54870,7
10,6864,7
10,40787,9
10,45556,8
10,61316,7
10,138,9
10,34534,8
10,5258,7
10,1735,9
10,59150,9
10,10162,6
10,12115,9
10,36990,8
10,55016,6
10,35760,8
10,55823,7
10,34036,6
10,60098,7
10,139,7
10,2904,7
11,3091,9
11,9260,10
11,3784,10
11,46102,10
11,36999,10
11,19,10
11,437,9
11,57864,10
11,49114,9
11,13601,9
11,31043,9
11,37779,10
11,31757,10
11,5205,8
11,40028,10
11,48583,9
11,41084,10
11,2246,10
11,54857,8
11,32,9
11,35247,10
11,16498,8
11,1365,10
11,45556,8
11,40434,10
11,31758,8
11,7311,10
11,32188,9
11,59228,9
11,264,6
11,40787,8
11,5341,6
11,18115,6
11,164,6
11,5,8
11,139,7
11,22297,8
11,38329,8
11,61930,9
11,62277,9
11,61952,10
11,51440,9
11,44055,6
11,9617,6
11,57,6
11,6,8
12,49387,10
12,10087,9
12,40434,9
12,40028,9
12,186,9
12,48316,10
12,40748,8
12,36946,9
12,12115,9
12,37055,8
12,60988,10
12,40784,10
12,15335,10
12,57658,9
12,22297,10
12,61517,8
12,9735,8
12,38003,9
12,185,9
12,46095,8
12,60557,9
12,53223,9
12,51535,9
12,51009,10
12,36649,10
12,6,10
12,49926,9
12,37822,9
12,37989,9
12,5,10
12,56523,9
12,39486,8
12,21899,8
12,38000,9
12,918,8
12,392,10
12,38040,10
12,32366,10
12,40682,8
12,56215,9
12,60022,9
12,25781,8
12,36538,7
12,62568,6
12,34591,7
12,34612,9
12,39535,7
12,32,8
12,2001,8
12,1142,7
12,58788,8
12,46654,7
12,627,9
12,38889,8
12,39894,9
12,1453,7
12,35838,6
12,11981,9
12,52198,7
12,9989,9
12,55318,6
12,3002,8
12,40729,7
12,2559,9
12,245,7
12,437,7
13,1575,8
13,31646,9
13,199,8
13,185,9
13,22507,8
13,38040,10
13,1519,10
13,55888,8
13,164,9
13,38826,8
13,59192,10
13,28957,9
13,62927,10
13,43608,8
13,55791,9
13,39551,10
13,60058,8
13,1453,9
13,3002,8
13,28851,10
13,12431,10
13,35737,9
13,35677,10
13,10271,10
13,329,9
13,50160,9
13,40682,8
13,54595,9
13,440,8
13,10408,9
13,759,9
13,40591,9
13,36990,10
13,61903,8
13,39587,9
13,42203,9
13,50330,9
13,7311,8
13,12355,9
13,513,8
13,39167,8
13,44074,7
13,34612,6
13,51535,10
13,37515,7
13,44412,7
13,11741,7
13,170,10
13,41025,7
13,40052,6
13,55825,9
13,20651,6
13,30654,6
13,32188,6
13,35760,7
13,54870,7
13,36862,10
13,54959,8
13,5460,7
13,245,8
13,5941,8
13,5081,9
13,55809,10
14,59408,9
14,40730,9
14,37208,8
14,38450,8
14,4081,8
14,59228,10
14,199,9
14,5300,8
14,31812,10
14,55823,9
14,44070,9
14,20651,8
14,36538,10
14,10379,10
14,25681,9
14,30709,9
14,36275,9
14,50594,9
14,392,8
14,32983,10
14,60988,8
14,2246,9
14,57555,7
14,51440,7
14,24415,7
14,245,7
14,42938,7
14,5690,9
14,21939,10
14,37514,7
14,56784,10
14,48316,7
14,11843,9
14,51535,7
15,52578,7
15,38731,9
15,7791,7
15,53065,7
15,50330,9
15,33255,7
15,37999,7
15,11843,8
15,39547,9
15,5941,8
15,51440,7
15,37450,7
15,232,8
15,38249,7
15,55690,9
15,37991,8
15,40052,8
15,38003,8
15,36098,8
15,18617,9
15,38329,7
15,24415,8
15,12531,7
15,38680,7
15,35677,8
15,30230,9
15,56538,9
15,30654,7
15,22789,8
15,32935,9
15,14397,8
15,42897,9
15,48561,9
15,440,8
15,40664,9
15,37171,9
15,37379,9
15,52198,9
15,59654,9
15,2251,7
15,59845,9
15,44055,7
15,35466,8
15,49722,7
15,265,5
15,50160,6
15,54595,6
15,35760,6
15,37989,6
15,21329,7
15,2559,8
15,49701,6
15,11979,8
15,26055,5
15,60022,8
15,31757,6
15,59978,7
15,54959,8
15,1735,7
15,60420,8
15,61469,5
15,263,7
15,52701,9
15,19,9
15,59571,6
15,42938,7
15,30,8
15,58125,6
16,54870,8
16,437,9
16,38680,10
16,5341,10
16,30276,9
16,49818,10
16,44,9
16,40787,9
16,877,10
16,34534,10
16,31812,10
16,31181,9
16,49413,9
16,40417,8
16,20651,10
16,47194,8
16,56752,10
16,40729,8
16,38329,10
16,37510,10
16,36371,9
16,2251,10
16,13601,10
16,457,9
16,43325,8
16,2001,10
16,4181,9
16,30654,9
16,60058,9
16,30484,9
16,35737,7
16,39808,7
16,49387,10
16,23273,10
16,61930,6
16,53236,7
16,19123,7
16,55357,7
16,55255,9
17,467,8
17,38003,8
17,5460,8
17,53540,8
17,50330,7
17,1365,7
17,235,9
17,801,9
17,34036,9
17,43,8
17,35737,7
17,338,8
17,13601,9
17,54898,7
17,32005,8
17,9617,6
17,50594,6
17,1698,6
17,2966,8
17,10030,8
17,44070,8
17,37491,9
17,6864,7
17,36946,6
17,53236,6
17,55823,6
17,55016,8
17,578,7
17,40729,7
17,33095,9
17,34612,5
17,50399,9
17,38475,6
17,58567,6
17,232,6
17,9260,7
17,38691,5
17,22297,5
17,52701,9
17,37989,5
17,35839,6
17,38826,8
17,55791,6
17,53111,5
17,39247,7
17,57,6
17,4181,6
17,25681,5
17,877,7
17,12029,6
17,138,5
17,42897,8
17,60570,7
17,54870,8
17,56784,7
17,62340,5
17,10863,5
17,50159,6
17,50172,8
17,40028,6
17,37965,7
17,50183,8
17,41457,6
17,15335,5
17,11981,5
17,60420,6
17,35110,7
17,40784,5
17,1519,7
17,11577,8
17,45577,5
17,49310,7
17,136,6
17,62277,6
17,53672,5
17,51440,5
17,19,7
17,49701,8
18,39587,7
18,12115,9
18,31240,9
18,22507,9
18,52701,8
18,45576,8
18,5040,7
18,6114,9
18,61903,8
18,18,7
18,24687,9
18,31043,8
18,42203,9
18,3091,8
18,48316,9
18,32937,7
18,6675,7
18,40591,9
18,57647,9
18,60058,7
18,6864,8
18,61517,7
18,17389,9
18,43608,9
18,55318,7
18,43,7
18,53065,9
18,28805,9
18,24701,8
18,52215,8
18,12431,8
18,37999,7
18,15227,9
18,61316,9
18,49387,8
18,28957,8
18,38040,7
18,54857,8
18,54898,7
18,55772,8
18,1453,9
18,35180,7
18,59986,8
18,61930,9
18,55888,9
18,37989,8
18,263,6
18,40417,6
18,232,5
18,5690,8
18,32935,8
18,40729,5
18,5081,5
18,37510,6
18,58222,8
18,40853,8
18,58572,8
18,49571,8
18,31181,6
18,59953,6
18,42938,6
18,2559,7
18,2904,9
18,50399,9
18,11979,6
18,1142,5
18,55644,6
18,57067,6
18,36275,5
18,39533,7
18,38731,6
19,2685,9
19,813,9
19,21,7
19,41025,7
19,59150,8
19,49458,9
19,50594,9
19,58567,7
19,52684,8
19,58572,8
19,486,7
19,36862,8
19,38040,8
19,372,9
19,2418,9
19,45576,9
19,40417,8
19,44412,9
19,37514,7
19,44070,7
19,40052,8
19,40059,7
19,49387,7
19,138,9
19,139,7
19,34599,7
19,801,7
19,60557,7
19,49571,9
19,5114,8
19,59978,8
19,38450,9
19,34036,7
19,205,7
19,11665,7
19,28957,7
19,55644,7
19,6811,7
19,2559,8
19,37520,8
19,53540,8
19,56538,7
19,61469,7
19,39535,7
19,235,8
19,34591,7
19,36946,7
19,24687,9
19,40434,8
19,41467,8
19,25777,6
19,32366,8
19,28851,7
19,9260,5
19,12029,6
19,16664,8
19,37999,6
19,22297,6
19,10863,6
19,60371,7
19,24415,6
19,32188,7
19,16498,5
19,37055,7
19,45577,5
19,50160,6
19,15227,8
19,62927,5
19,3226,5
19,10087,5
19,59897,5
19,5258,8
19,10030,8
19,61930,7
19,38249,8
19,30276,5
19,59986,8
20,50602,9
20,55888,9
20,59027,8
20,12355,9
20,10162,7
20,50265,9
20,51179,8
20,22789,8
20,45576,8
20,39535,9
20,759,7
20,54595,7
20,38826,6
20,37779,7
20,50407,6
20,4565,5
20,3786,6
20,38249,8
20,49918,7
20,3091,5
20,60543,5
20,3226,8
20,38524,8
20,9735,7
20,6945,7
20,44511,5
20,53540,7
20,6,7
20,40664,5
20,10030,6
20,9756,6
20,19123,7
20,59551,5
21,36838,10
21,7472,9
21,3226,10
21,37991,10
21,59571,8
21,55830,9
21,5941,9
21,627,10
21,58125,9
21,39551,10
21,170,10
21,3297,8
21,48583,8
21,235,9
21,57,8
21,32935,8
21,137,9
21,139,8
21,2402,10
21,37491,10
21,35110,9
21,36946,8
21,61469,9
21,31933,9
21,22789,7
21,37965,6
21,63019,7
21,5690,8
21,6594,8
21,41457,9
21,39808,8
21,12431,7
21,37208,8
21,801,7
21,9756,8
21,62896,9
21,5341,7
21,40834,7
22,50330,10
22,34036,10
22,4282,10
22,467,9
22,58567,9
22,33049,9
22,44511,10
22,32005,8
22,53540,10
22,801,10
22,38003,9
22,11741,8
22,13601,9
22,5205,9
22,35737,10
22,54898,9
22,52588,9
22,10087,8
22,5460,8
22,1365,8
22,43,10
22,57555,10
22,33050,10
22,55830,8
22,22297,9
22,49114,10
22,28701,8
22,235,8
22,1842,6
22,49722,7
22,6675,6
22,2402,6
22,54029,7
22,37779,6
22,170,8
22,58572,7
22,37095,7
22,5420,8
22,17389,7
22,48653,6
22,40028,8
22,59062,9
22,55690,10
22,33051,7
22,25781,7
22,2921,8
22,28957,10
22,40682,7
22,23623,6
23,52701,7
23,40853,7
23,59150,7
23,34636,8
23,55791,5
23,34537,6
23,38003,8
23,33051,5
23,52684,7
23,232,5
23,53998,6
23,49926,6
23,25835,5
23,50159,5
23,58390,5
23,137,7
23,392,7
23,43325,7
23,30276,5
23,467,5
23,185,7
23,38889,6
23,457,6
23,42938,9
23,813,5
23,42886,5
23,36990,6
23,50265,5
23,30484,9
23,53236,5
23,4921,8
23,62896,7
23,33352,9
23,13125,5
23,7311,7
23,55772,7
23,38731,6
23,55809,6
23,39533,5
23,57864,6
23,40211,5
23,60557,9
23,49114,5
23,1365,8
23,57779,5
23,11977,7
23,32843,5
23,59986,5
24,20583,8
24,37965,7
24,35111,7
24,55318,7
24,5258,9
24,263,7
24,55888,7
24,3226,8
24,42941,9
24,2402,9
24,40729,7
24,1842,9
24,38883,8
24,14397,8
24,11917,7
24,52742,7
24,58919,7
24,5040,8
24,38731,9
24,51179,8
24,61335,9
24,37379,8
24,45576,8
24,25781,6
24,1,8
24,52034,7
24,38691,6
24,59986,5
24,18115,5
24,31988,8
24,40784,5
24,50159,6
24,40591,8
24,25777,7
24,55830,8
24,60371,7
25,523,8
25,59150,9
25,3091,9
25,38524,9
25,34591,9
25,59192,10
25,6864,8
25,31812,9
25,32182,8
25,9260,8
25,12355,10
25,47194,9
25,61469,10
25,36538,9
25,7311,9
25,36862,9
25,59228,9
25,50172,8
25,20651,10
25,50594,9
25,5300,10
25,12115,10
25,50399,9
25,55823,10
25,57864,8
25,48561,9
25,34534,8
25,19647,9
25,33352,7
25,31240,9
25,53111,6
25,36946,9
25,51179,7
25,44,9
25,37999,8
25,9617,9
25,11917,8
25,30276,8
25,35851,9
25,877,7
25,62568,8
25,39533,7
25,21899,9
26,5941,8
26,558,8
26,32935,8
26,170,10
26,38883,9
26,30230,10
26,28891,9
26,45649,10
26,16894,9
26,7655,8
26,627,9
26,5040,10
26,35111,10
26,40776,8
26,5028,9
26,11917,8
26,36885,10
26,38731,10
26,52742,8
26,35110,9
26,24415,9
26,20583,10
26,1842,10
26,3226,9
26,9863,6
26,55825,9
26,30346,7
26,7791,9
26,49413,8
26,34612,8
26,2402,8
26,5420,7
26,23273,9
26,22297,7
26,52215,8
26,5258,8
26,40664,9
26,16664,7
26,28805,6
27,1575,9
27,264,9
27,60371,8
27,51009,9
27,18617,7
27,43608,9
27,57433,8
27,34612,8
27,30654,9
27,59551,7
27,30230,7
27,61930,9
27,5028,8
27,35466,9
27,558,8
27,7655,7
27,39547,7
27,49722,7
27,36098,9
27,53065,9
27,10165,8
27,7311,7
27,39894,8
27,20583,7
27,57647,9
27,40591,8
27,56538,7
27,9863,9
27,2921,7
27,60098,9
27,30346,9
27,55690,7
27,23623,8
27,5941,8
27,42897,8
27,440,9
27,40417,8
27,3786,6
27,42938,7
27,59408,6
27,31646,7
27,1033,7
27,59150,6
27,40059,5
27,30,7
27,62927,7
27,5205,5
27,16664,5
27,11665,8
27,2001,8
27,31181,7
27,33051,5
27,49590,6
27,40853,8
27,205,7
27,4107,5
27,11577,7
28,55357,7
28,40664,8
28,47794,8
28,51179,7
28,45577,7
28,31988,8
28,46095,7
28,38889,9
28,55016,7
28,42984,9
28,58222,8
28,55255,9
28,50183,8
28,39535,8
28,39894,8
28,34240,7
28,54959,9
28,32843,8
28,39533,9
28,9617,7
28,62896,9
28,39112,9
28,45576,9
28,23273,9
28,12531,9
28,1698,8
28,12365,6
28,36371,7
28,7311,8
28,10937,8
28,42203,7
28,61316,8
28,512,5
28,36999,7
28,34599,7
28,578,9
28,523,7
28,39547,5
28,32281,8
28,11741,6
29,3784,8
29,19,8
29,30,9
29,61316,9
29,11979,8
29,1210,9
29,1535,8
29,60489,7
29,35737,9
29,10271,7
29,437,8
29,7785,8
29,54857,8
29,31043,7
29,31240,9
29,55255,7
29,9756,7
29,33,9
29,49590,8
29,47794,7
29,39587,9
29,11977,9
29,3002,9
29,59408,7
29,13601,7
29,43,7
29,440,7
29,22535,7
29,5040,8
29,41084,8
29,5205,6
29,42984,7
29,56215,5
29,813,5
29,36538,8
29,28891,8
29,627,7
29,55809,7
29,37171,6
29,49387,6
29,12365,5
29,11917,8
29,53447,7
29,18617,8
29,32188,5
30,2966,9
30,53672,9
30,12029,9
30,45556,10
30,60988,8
30,437,10
30,32281,10
30,36649,8
30,5941,9
30,2246,10
30,372,9
30,49310,8
30,37208,10
30,58788,10
30,40664,8
30,3786,10
30,36370,8
30,14397,10
30,38889,10
30,28851,9
30,33352,8
30,37987,10
30,50183,9
30,50399,9
30,51805,10
30,22535,8
30,11981,9
30,5420,10
30,37965,10
30,52198,8
30,30,8
30,42886,10
30,40730,10
30,36371,8
30,54959,9
30,61952,9
30,54870,8
30,35180,10
30,10800,8
30,49818,10
30,19363,8
30,34537,8
30,31757,9
30,59192,8
30,12431,8
30,50265,7
30,36838,9
30,6945,8
30,39247,9
30,558,6
30,2150,7
30,60371,6
30,1535,8
30,264,7
30,56784,8
30,139,6
30,53065,8
30,57647,9
30,38003,7
30,40834,7
30,55830,9
31,50602,8
31,22789,7
31,12355,7
31,10162,9
31,50265,8
31,36885,7
31,59027,9
31,759,9
31,1033,5
31,17074,6
31,48569,8
31,33352,6
31,60371,7
31,52588,6
31,35839,8
31,28851,6
31,35111,6
31,57592,7
31,10030,8
31,32182,8
31,39533,8
31,39167,7
31,372,6
31,9969,7
31,36649,6
31,61930,8
31,46095,8
31,55823,6
31,2418,7
31,9756,7
31,49114,8
31,138,7
31,9253,7
31,23327,7
31,60058,8
31,61322,6
31,10937,6
31,38000,7
31,60988,6
31,58125,6
31,33255,6
31,38475,6
31,59571,6
31,37520,8
31,136,6
31,48561,8
31,39547,5
31,12531,6
31,34240,8
31,54492,9
31,22507,8
31,137,6
31,34096,9
31,32366,5
31,53998,9
31,9260,8
31,5460,7
31,40028,6
31,7311,8
31,32937,6
31,9989,8
31,56784,6
31,40776,7
31,44074,8
31,440,7
31,6114,7
31,572,8
31,57658,7
31,199,6
31,41084,6
31,51535,6
31,57067,6
31,63375,6
31,37510,9
31,37779,7
31,49721,7
32,38003,9
32,46102,8
32,2251,7
32,50330,9
32,54898,9
32,40052,8
32,1519,9
32,37991,9
32,43325,7
32,42310,9
32,36649,9
32,58222,6
32,30346,7
32,22297,6
32,17389,6
32,37779,6
32,37379,5
32,3786,7
32,44940,8
32,4565,6
32,49818,7
32,40028,8
32,10408,5
32,41487,7
32,10271,7
32,3297,6
32,61469,5
32,39533,8
32,60058,7
32,40682,7
32,31933,6
32,2402,7
32,31043,8
32,34036,5
32,372,6
32,47778,9
32,40591,6
32,5460,8
32,12115,8
33,235,7
33,38883,8
33,35110,9
33,34036,8
33,5941,8
33,28891,7
33,467,7
33,45649,7
33,16894,9
33,53540,7
33,20583,8
33,1365,8
33,11917,8
33,50330,7
33,24415,8
33,1842,9
33,627,8
33,43,8
33,7655,9
33,32935,7
33,38731,7
33,13601,7
33,5040,9
33,38003,9
33,801,7
33,52742,9
33,32005,8
33,30230,8
33,558,9
33,5460,7
33,35737,9
33,35111,9
33,5028,7
33,54898,7
33,58919,7
33,37171,8
33,1575,6
33,62340,5
33,62277,5
33,22789,8
33,45556,6
33,40456,6
33,39587,6
33,35843,7
33,2246,8
33,1735,5
33,4565,8
33,33,9
33,39535,8
33,48316,7
33,61517,6
33,31757,6
33,38040,8
34,1698,9
34,55102,8
34,30654,8
34,56215,8
34,10165,8
34,40853,9
34,50172,10
34,37491,9
34,47794,10
34,37105,9
34,512,10
34,62568,10
34,54959,10
34,39112,9
34,45577,9
34,57592,8
34,52701,8
34,47917,9
34,59551,10
34,37171,10
34,57,9
34,17074,8
34,3091,9
34,39533,10
34,35677,8
34,232,8
34,25681,8
34,33255,10
34,39486,10
34,40664,9
34,23847,8
34,49721,9
34,36999,10
34,205,10
34,30709,8
34,49458,9
34,12365,10
34,57864,10
34,759,8
34,5040,6
34,55791,7
34,44511,8
34,37521,10
34,2904,7
34,40028,7
34,28891,9
34,11979,6
34,60557,7
34,38475,8
34,44,7
34,10271,6
34,63019,6
34,39808,8
34,2246,7
34,1575,10
34,39587,8
34,61930,9
34,55772,8
34,55823,6
34,15227,8
35,60489,9
35,49701,9
35,56523,7
35,42886,9
35,56524,7
35,32843,8
35,12029,8
35,467,7
35,57067,8
35,41457,9
35,40729,8
35,36838,9
35,32188,9
35,34096,9
35,3297,8
35,392,9
35,48569,9
35,59150,8
35,40784,8
35,37822,7
35,61469,9
35,34240,9
35,57647,7
35,28977,9
35,15335,9
35,7472,7
35,3786,8
35,35838,8
35,918,7
35,2001,9
35,55809,8
35,1,8
35,9969,7
35,37491,9
35,15417,7
35,50407,8
35,4565,8
35,3784,8
35,53236,9
35,62896,9
35,37055,7
35,23273,9
35,44087,5
35,11979,5
35,60544,5
35,55016,9
35,37095,5
35,23623,5
35,34537,7
35,46102,9
35,39808,5
35,58919,6
35,38731,8
35,39894,6
35,10030,6
35,7655,7
35,36999,7
35,486,8
35,31758,8
35,55830,7
35,31043,6
35,5258,6
35,21,9
36,50265,10
36,10162,10
36,759,10
36,59027,10
36,36649,9
36,43325,9
36,54898,10
36,12355,10
36,1365,8
36,37078,10
36,22789,9
36,38003,10
36,58572,8
36,42310,9
36,46102,9
36,50602,10
36,37991,9
36,2251,9
36,40052,10
36,50330,9
36,1519,8
36,58514,7
36,37989,6
36,578,7
36,37514,6
36,18,7
36,51009,9
36,440,8
36,43608,10
36,56215,6
36,28805,9
36,49818,8
36,2685,7
36,38088,9
36,10165,8
36,40784,9
36,38883,9
36,4282,6
36,813,9
36,34612,8
36,52701,10
37,51039,9
37,49114,10
37,15417,8
37,47778,10
37,28735,8
37,44,9
37,40059,8
37,60557,10
37,2418,10
37,6594,8
37,49926,10
37,37822,9
37,37989,8
37,49387,10
37,457,9
37,54492,8
37,40456,9
37,2251,8
37,55809,10
37,50399,9
37,59654,8
37,19,10
37,2150,7
37,53447,10
37,58788,9
37,523,6
37,39587,7
37,10800,7
37,37965,9
37,777,6
37,34537,8
37,49413,10
38,12115,9
38,3091,8
38,38524,10
38,9253,10
38,52215,9
38,37514,10
38,45577,10
38,59845,10
38,41025,10
38,59636,9
38,59150,10
38,55102,8
38,186,9
38,35851,8
38,37515,9
38,18,8
38,31240,9
38,57,9
38,16498,10
38,338,8
38,55255,10
38,2904,9
38,60544,9
38,28851,10
38,15227,9
38,232,9
38,49413,10
38,10030,10
38,1210,9
38,12029,8
38,40730,8
38,512,9
38,39894,8
38,34599,8
38,1033,8
38,35466,9
38,50399,9
38,63019,8
38,57433,10
38,523,8
38,9617,6
38,56524,7
38,49114,7
38,50330,9
38,21329,9
38,55644,9
38,6811,7
38,40059,6
38,6945,8
38,50594,7
38,28977,10
38,199,7
38,18115,7
38,31812,9
38,30709,7
38,4921,7
38,43,8
38,61322,7
38,24687,8
38,263,8
39,32,9
39,437,8
39,30,8
39,39535,7
39,33352,8
39,62896,7
39,52034,9
39,60544,5
39,58390,6
39,55644,6
39,34612,6
39,38450,5
39,62277,5
39,39112,5
39,55830,7
39,37965,5
39,36275,6
39,44087,7
39,55823,6
39,9989,8
39,1,7
39,19363,7
39,10165,7
39,49574,6
39,50183,5
39,3226,6
39,4565,7
39,37822,5
39,23273,8
39,11981,8
39,11665,7
39,31812,5
39,38000,5
39,13125,6
39,33095,7
39,55825,7
39,38883,6
39,32005,7
39,36538,6
39,54857,8
39,22135,8
39,5114,7
39,46102,7
39,457,6
39,19123,8
39,35557,6
39,52588,5
39,41025,8
39,235,7
39,11917,8
39,2685,8
39,10271,6
39,10937,8
39,6675,6
39,53223,7
39,12365,7
39,53998,8
39,41084,9
39,49722,8
39,136,5
39,62927,7
39,10800,7
39,59192,6
39,40784,6
39,55791,9
39,61903,7
39,63019,7
39,22507,6
39,49701,7
39,39247,8
39,32188,6
40,17074,8
40,31181,8
40,49114,7
40,36999,8
40,5081,7
40,35247,8
40,777,9
40,57864,8
40,9260,8
40,31757,7
40,31758,9
40,58390,9
40,54898,8
40,7785,8
40,6,8
40,11061,8
40,11979,8
40,32005,5
40,53393,7
40,50159,6
40,40434,7
40,6114,6
40,19,9
40,31043,8
40,4107,6
40,10271,5
40,50183,8
40,32281,8
40,1142,7
40,523,6
40,55690,6
40,44511,8
40,2251,6
40,2685,5
40,59897,8
40,264,6
40,49590,8
40,55357,7
40,40834,7
40,4081,5
40,37987,9
40,6864,5
40,44070,5
40,48653,7
40,47194,7
40,37965,7
40,59953,6
40,32366,6
40,2921,7
40,9756,7
40,10379,8
40,38040,8
40,18,7
40,52578,5
40,56752,8
40,59192,7
40,15335,6
40,32935,8
40,56215,5
40,1453,5
40,1365,8
40,37450,8
40,61903,8
40,49571,5
40,37510,6
40,6675,6
41,5114,9
41,13125,8
41,2921,7
41,38524,7
41,59150,9
41,39741,8
41,42203,9
41,578,7
41,39587,7
41,58222,7
41,2685,7
41,30,7
41,37450,7
41,25835,7
41,54029,7
41,437,7
41,31988,9
41,11577,7
41,33095,9
41,37965,8
41,11979,7
41,52215,7
41,14397,7
41,37208,9
41,52991,8
41,12029,7
41,440,8
41,37514,7
41,45556,7
41,39894,9
41,19,9
41,6864,7
41,10271,6
41,58572,8
41,136,5
41,3297,5
41,49926,7
41,164,6
41,5028,6
41,41467,6
41,30276,7
41,51553,9
41,53273,8
41,62927,8
41,59953,8
41,5040,8
41,43,6
41,5081,5
41,24701,7
41,36885,7
42,40417,9
42,1365,8
42,36275,8
42,59408,7
42,39247,7
42,62896,8
42,10379,9
42,38826,7
42,28957,7
42,32005,7
42,38003,7
42,57864,9
42,457,8
42,38680,9
42,21939,7
42,1142,9
42,41467,8
42,38329,8
42,37510,9
42,801,8
42,37450,8
42,40748,7
42,22789,7
42,36999,8
42,5341,8
42,57433,7
42,20651,7
42,56784,8
42,49926,8
42,5460,8
42,50594,9
42,6864,8
42,2251,7
42,31758,8
42,467,9
42,3784,7
42,62927,5
42,24415,7
42,43608,6
42,205,9
42,40776,9
42,56523,8
42,26055,5
42,2418,6
42,39533,6
42,232,5
42,431,6
42,56215,8
42,37514,5
42,55644,8
42,21,7
42,56752,6
42,60570,7
42,49918,5
42,30230,7
43,329,8
43,54492,8
43,245,7
43,25835,9
43,58514,7
43,12431,7
43,820,6
43,62076,6
43,40417,5
43,46102,9
43,18617,7
43,5028,8
43,170,8
43,6675,5
43,39533,7
43,28805,7
43,199,9
43,34612,6
43,205,6
43,57864,6
43,5941,7
43,49574,5
43,43325,7
43,55690,9
43,32843,6
43,36275,6
43,4181,7
43,32366,6
43,1142,5
43,60988,5
43,57647,7
43,264,6
43,6811,6
43,37208,8
43,585,8
43,186,8
43,62927,6
43,17074,6
43,11843,8
43,51009,7
44,30709,9
44,1210,8
44,5300,10
44,40784,10
44,6594,9
44,59845,10
44,40434,9
44,38329,9
44,56524,10
44,37999,8
44,55690,10
44,12365,9
44,5690,8
44,62896,9
44,54870,8
44,44,10
44,5941,9
44,36538,9
44,45,9
44,56523,8
44,199,8
44,59408,8
44,53236,9
44,44412,9
44,49722,9
44,57067,9
44,23273,8
44,813,9
44,23847,8
44,58390,10
44,49574,8
44,877,10
44,4282,8
44,55866,10
44,49571,9
44,55809,9
44,34591,8
44,35466,8
44,40787,9
44,42938,8
44,50594,9
44,1033,10
44,10379,10
44,56215,9
44,37822,8
44,4181,10
44,232,10
44,585,9
44,235,9
44,53223,6
44,55644,8
44,31646,9
44,35180,8
44,22535,7
44,48653,8
44,37991,8
44,34036,6
44,578,10
44,48569,6
44,51179,6
44,41084,7
44,512,7
44,47194,6
44,47778,9
44,13125,8
44,5258,9
44,2150,6
44,58125,6
44,19363,8
44,59978,10
44,3226,6
44,22789,7
44,61322,8
44,5028,9
45,58390,7
45,23273,9
45,62568,8
45,2402,9
45,60543,9
45,55644,9
45,44511,7
45,139,8
45,138,7
45,58572,9
45,59986,8
45,7472,8
45,16894,9
45,40456,8
45,41025,8
45,35111,9
45,2685,7
45,265,9
45,1842,8
45,57555,8
45,4921,8
45,3786,7
45,55866,8
45,1033,8
45,25681,5
45,33051,5
45,2559,7
45,11577,5
45,44074,6
45,164,6
45,11977,6
45,45577,7
46,52198,8
46,19363,8
46,33255,10
46,40591,10
46,36098,8
46,59845,8
46,39167,10
46,60371,10
46,28891,10
46,56538,9
46,38680,8
46,39166,10
46,10800,8
46,5941,10
46,38889,8
46,31988,8
46,49721,10
46,59654,8
46,37450,9
46,12531,9
46,52742,10
46,43608,9
46,11843,10
46,20583,10
46,35677,9
46,245,10
46,24415,8
46,61903,8
46,45649,10
46,39547,10
46,32935,9
46,10165,10
46,14397,9
46,51440,8
46,37171,8
46,40748,10
46,40417,9
46,40052,9
46,36885,9
46,46102,8
46,35110,9
46,18617,9
46,38249,9
46,170,9
46,38731,8
46,23847,10
46,40664,8
46,7311,10
46,32182,6
46,55866,9
46,37491,10
46,53998,7
46,392,7
46,11741,6
46,47778,8
46,37515,6
46,5,8
46,60988,6
46,12365,9
46,31646,6
46,61322,10
46,48569,7
46,35247,7
46,759,8
46,918,8
46,39551,6
46,57592,7
46,40059,8
46,37989,7
46,52701,8
46,59571,9
46,55255,8
46,4565,8
46,813,7
47,264,9
47,26055,8
47,49413,8
47,37965,7
47,35111,9
47,170,8
47,56752,7
47,42310,7
47,2251,7
47,55318,7
47,53273,9
47,43325,9
47,53447,7
47,3226,8
47,30276,7
47,24415,9
47,22135,9
47,558,9
47,28891,7
47,58919,9
47,38883,7
47,59027,9
47,49918,8
47,38003,7
47,44074,9
47,5040,7
47,11917,8
47,34612,8
47,1519,8
47,2921,7
47,57647,9
47,35110,7
47,50602,7
47,33255,9
47,40784,8
47,38731,9
47,54898,8
47,5941,8
47,50330,9
47,60098,8
47,32935,9
47,7655,9
47,265,8
47,42941,7
47,205,9
47,437,6
47,39167,6
47,60371,5
47,51009,7
47,42203,8
47,38474,6
47,37208,5
47,47778,6
47,41487,5
47,35247,6
47,49114,7
47,58125,9
47,56523,8
47,60543,5
47,35466,5
47,6114,7
47,55644,6
47,42938,5
47,37987,6
47,39247,8
47,54959,7
47,35737,6
47,49926,8
47,23847,8
48,18617,7
48,49926,8
48,53447,8
48,40853,7
48,53540,9
48,6945,8
48,59571,9
48,10534,9
48,40059,7
48,30276,7
48,2418,8
48,33,9
48,53111,7
48,47778,8
48,49114,8
48,58572,8
48,50407,8
48,51009,8
48,33049,7
48,9260,8
48,57067,7
48,37520,9
48,24687,6
48,38691,5
48,34636,8
48,11981,6
48,48569,6
48,486,5
48,31181,5
48,53065,6
48,578,9
48,59978,5
48,12365,8
48,38474,5
48,5420,7
49,59897,8
49,31812,8
49,31757,9
49,38680,8
49,523,9
49,12355,9
49,58390,10
49,55823,9
49,31181,8
49,49926,9
49,6864,10
49,1535,10
49,32983,8
49,62896,9
49,55825,10
49,57864,10
49,39247,9
49,777,9
49,40456,10
49,41467,8
49,10379,9
49,392,10
49,2246,9
49,42938,9
49,41025,9
49,28957,9
49,5081,9
49,2966,10
49,30709,10
49,5300,9
49,34591,8
49,50159,9
49,9260,8
49,59150,8
49,17074,9
49,34534,9
49,11665,10
49,42886,8
49,44511,9
49,51535,9
49,263,9
49,40729,7
49,53672,7
49,1033,6
49,4921,7
49,265,6
49,61316,7
49,5114,8
49,52034,10
49,5028,9
49,199,7
49,205,8
49,48583,9
49,56524,8
49,55791,7
49,801,8
49,28805,7
49,45,9
50,36649,9
50,20651,10
50,55866,8
50,38680,10
50,40417,10
50,5300,10
50,10408,10
50,30709,9
50,877,9
50,25681,9
50,10379,9
50,585,9
50,232,10
50,49310,9
50,56538,9
50,338,9
50,55823,8
50,32983,8
50,34534,10
50,34591,9
50,36538,10
50,372,8
50,4081,9
50,36275,8
50,42938,8
50,11665,10
50,62277,6
50,40059,6
50,54857,9
50,56752,7
50,55102,6
50,62568,7
50,37514,7
50,44074,7
50,59062,9
50,51553,7
50,58788,9
50,22297,6
50,5,6
50,16894,8
50,431,7
50,40052,7
50,1210,9
50,56523,6
50,32281,6
50,21329,10
50,51179,9
50,46095,8
50,62076,10
50,58919,6
50,50399,10
50,5028,8
50,6864,8
50,53393,6
50,38329,7
50,3226,6
50,45556,7
50,44055,6
50,31646,8
50,54870,9
50,25781,8
51,2559,9
51,50594,8
51,4921,9
51,19123,7
51,60988,7
51,58572,8
51,235,9
51,37991,7
51,137,8
51,26055,9
51,28957,9
51,457,7
51,572,7
51,62568,8
51,513,9
51,24687,7
51,1735,8
51,5114,9
51,62568,8
51,24701,9
51,59978,9
51,53111,8
51,1033,8
51,61952,8
51,11061,8
51,62340,8
51,34599,8
51,56784,9
51,49387,9
51,5341,8
51,41025,8
51,60557,8
51,36649,8
51,44070,7
51,2418,7
51,55888,8
51,1,7
51,49722,7
51,55690,9
51,40591,7
51,31988,5
51,5028,7
51,44940,5
51,35851,8
51,11979,7
51,47917,7
51,55830,6
51,30654,6
51,10800,8
51,49926,6
51,245,8
51,585,5
51,38731,7
51,34534,7
51,38524,7
51,13125,7
52,3786,7
52,2001,8
52,39533,7
52,44055,8
52,30,8
52,41457,9
52,801,7
52,3784,9
52,59551,8
52,4565,9
52,2904,8
52,467,9
52,4107,7
52,48569,8
52,10534,7
52,58222,8
52,43,9
52,32,9
52,33051,7
52,51440,9
52,1575,9
52,30346,8
52,10937,7
52,1142,7
52,58572,5
52,38475,5
52,52215,7
52,54959,6
52,59654,6
52,578,9
52,35838,7
52,51009,7
52,53540,8
52,49310,7
52,38826,6
52,6,6
52,245,6
52,136,6
52,55102,6
52,60098,7
52,44940,5
52,42897,6
52,60543,6
52,36371,7
52,44070,5
52,60489,8
52,28701,7
52,38731,7
52,25781,5
52,40417,8
52,40591,9
52,4921,6
52,59978,8
52,46095,8
52,585,6
52,55690,9
52,50399,8
52,265,8
52,62568,7
52,457,7
52,38329,5
52,39486,7
52,37779,6
52,4181,9
52,63019,5
53,264,10
53,3002,10
53,61930,9
53,1453,9
53,37521,9
53,55791,9
53,59636,9
53,40729,10
53,54898,8
53,35737,8
53,61517,9
53,2001,10
53,43,8
53,60058,9
53,37105,9
53,23623,10
53,10937,9
53,2904,8
53,61903,8
53,777,8
53,33,8
53,52198,10
53,55318,10
53,40682,9
53,37999,9
53,17389,10
53,5040,8
53,51553,8
53,24701,10
53,467,8
53,19647,9
53,50160,9
53,3091,9
53,12115,10
53,55016,8
53,37520,8
53,55823,9
53,13125,8
53,57864,10
53,36371,6
53,48316,6
53,12355,9
53,40664,9
53,38889,8
53,23273,9
53,59408,8
53,49721,7
53,39166,9
53,11981,8
53,49722,9
53,9756,7
53,820,8
53,49590,9
54,918,9
54,31757,9
54,53223,10
54,49818,8
54,47778,9
54,51535,9
54,37208,8
54,40456,10
54,56215,8
54,39486,9
54,5258,8
54,40748,8
54,2418,8
54,18115,10
54,30276,9
54,60544,8
54,18617,8
54,55830,9
54,38003,8
54,9969,9
54,53998,9
54,10087,9
54,61469,8
54,12115,8
54,34096,8
54,43,6
54,7791,7
54,1453,8
54,2559,9
54,35677,8
54,32983,10
54,51553,9
54,232,7
54,36098,7
54,51440,6
54,50594,9
54,33095,8
54,572,7
54,35111,9
55,39535,7
55,45576,8
55,51179,7
55,55888,8
55,62277,7
55,37520,7
55,31240,6
55,59897,6
55,55016,6
55,12355,9
55,32937,6
55,2001,7
55,36838,9
55,1365,5
55,263,6
55,50330,8
55,40853,5
55,1,8
55,40052,5
55,457,7
55,30,7
55,16498,9
55,54595,5
55,36370,7
55,58572,7
55,37989,6
55,24701,6
55,801,7
55,38691,8
55,21899,8
55,30709,6
55,5341,7
55,3784,8
55,10087,7
55,50265,6
55,52701,6
55,7655,8
55,5690,5
55,15227,8
55,138,7
55,13125,7
55,31646,5
55,33050,8
55,40456,9
55,55866,8
55,42941,6
55,523,6
55,47194,6
55,38826,5
55,59845,8
55,31812,5
55,50183,8
55,57555,8
55,61517,9
55,338,6
55,54870,8
55,12115,8
55,22507,6
56,30346,10
56,51440,9
56,185,10
56,62076,10
56,329,8
56,3091,10
56,39535,9
56,35180,10
56,777,8
56,39808,10
56,186,10
56,44055,8
56,39533,10
56,50330,8
56,12115,9
56,15227,9
56,41487,8
56,40591,10
56,801,9
56,50183,8
56,43608,8
56,52198,9
56,5040,10
56,17389,8
56,23623,9
56,12431,10
56,38450,10
56,3002,10
56,53223,8
56,22507,8
56,35557,9
56,38003,9
56,55791,9
56,467,8
56,37208,8
56,37055,10
56,33,8
56,54595,8
56,55888,10
56,59636,10
56,51553,8
56,457,10
56,54898,9
56,4565,8
56,578,7
56,37450,6
56,55809,6
56,164,7
56,50594,7
56,51039,6
56,55866,9
56,36098,6
56,45649,10
56,28735,7
56,57864,7
56,5114,9
56,170,10
56,11061,7
56,49722,7
56,10863,8
56,820,9
56,36838,7
56,12029,6
56,59953,7
56,63375,9
56,42310,7
56,512,6
57,35111,10
57,5028,10
57,31181,9
57,38731,9
57,558,9
57,627,10
57,36999,9
57,170,10
57,11917,9
57,5081,10
57,40776,8
57,777,8
57,9260,8
57,38883,9
57,16894,9
57,49114,10
57,28891,10
57,58390,9
57,57864,8
57,20583,10
57,17074,10
57,52742,10
57,1842,8
57,54898,8
57,55016,7
57,55644,8
57,31988,9
57,38680,7
57,59571,8
57,5114,7
57,44074,7
57,40417,10
57,30654,6
57,13601,8
57,38524,10
57,55825,6
57,12365,8
57,59953,9
58,20651,10
58,34534,10
58,2246,9
58,11979,9
58,33,9
58,1535,9
58,60489,10
58,5300,9
58,877,10
58,35737,10
58,59408,8
58,22535,8
58,10379,10
58,338,8
58,42938,10
58,31240,10
58,19,10
58,11665,9
58,49590,10
58,54857,9
58,13601,10
58,11981,9
58,36275,9
58,9253,8
58,55255,8
58,36649,9
58,55823,10
58,56538,8
58,43,10
58,585,8
58,3784,10
58,3786,10
58,32,9
58,39587,8
58,30709,9
58,61316,9
58,32983,10
58,11977,8
58,12115,8
58,3002,9
58,232,10
58,40417,10
58,437,9
58,440,9
58,34591,10
58,13125,9
58,51535,8
58,37095,8
58,54595,8
58,2001,9
58,1365,7
58,59551,8
58,37514,8
58,40748,9
58,34612,6
58,55318,7
58,61930,6
58,37510,7
58,55690,8
58,53223,7
58,49387,9
58,37450,8
58,35557,8
58,63019,6
58,48653,6
58,55772,9
58,30346,9
58,6675,8
58,3091,9
58,50330,7
58,40784,7
59,58222,9
59,40729,9
59,44055,9
59,2402,8
59,264,7
59,39533,9
59,265,9
59,46654,9
59,59551,8
59,2921,9
59,5258,7
59,19647,9
59,263,7
59,51440,7
59,30346,7
59,45577,9
59,1575,9
59,55644,8
59,53111,8
59,40434,7
59,57,7
59,61469,8
59,10863,6
59,918,5
59,60544,5
59,37379,5
59,338,5
59,40748,7
59,50594,8
59,45649,7
59,558,8
59,49722,8
59,32281,9
59,33255,7
59,39486,9
59,56538,6
59,28977,7
59,9735,6
59,37999,7
59,7785,7
59,1842,5
59,3091,5
59,61316,7
59,37520,7
60,6,8
60,21899,8
60,137,9
60,60570,9
60,50602,9
60,60098,9
60,32182,8
60,41487,10
60,49701,9
60,59228,8
60,1575,8
60,33051,10
60,35760,10
60,35737,8
60,49387,8
60,51179,10
60,36098,8
60,10087,9
60,578,8
60,59150,10
60,35843,8
60,11061,8
60,26055,10
60,572,9
60,56784,10
60,42938,10
60,49818,10
60,60557,9
60,38524,9
60,37515,9
60,35557,9
60,392,9
60,36862,10
60,48316,9
60,5,9
60,40748,8
60,55318,9
60,54595,8
60,2559,9
60,12365,9
60,3786,9
60,1,9
60,59983,10
60,2001,8
60,263,8
60,28957,6
60,39247,6
60,30230,7
60,245,6
60,30709,8
60,22789,9
60,5300,8
60,34240,8
60,23327,8
60,61322,7
60,60371,6
60,265,9
60,39167,8
60,4565,7
60,35838,7
60,3002,9
60,34612,8
60,199,8
60,45649,8
60,34798,8
60,21939,6
60,627,9
61,48583,9
61,35760,10
61,40028,9
61,22535,10
61,13125,10
61,33,10
61,2246,8
61,59571,9
61,38524,10
61,51535,8
61,16498,10
61,59408,8
61,25777,10
61,777,10
61,57779,8
61,437,9
61,37779,8
61,12115,10
61,35839,8
61,48316,7
61,37965,7
61,44511,7
61,52198,10
61,54898,10
61,35838,9
61,10162,7
61,34591,10
61,32935,9
61,35247,8
61,30346,9
61,36098,8
61,5205,7
61,10534,8
61,43608,8
61,38883,9
61,199,7
61,60557,8
61,40853,9
61,38826,8
61,62076,7
61,55888,7
61,48561,9
61,5460,6
61,6,6
61,24415,6
61,40730,8
61,58919,7
61,37989,8
61,19647,9
61,22135,7
61,57647,9
61,37171,7
61,23273,10
61,31757,9
61,58788,10
61,59654,7
61,47194,6
61,54492,7
61,49722,8
61,9253,7
61,6114,8
61,47917,10
61,59027,6
61,56784,8
61,32366,8
61,54595,9
61,6811,6
61,51440,7
61,49571,8
61,44055,6
61,37520,9
61,60022,9
61,45576,9
61,39247,7
61,2150,9
61,60543,9
61,44070,6
61,486,6
61,30484,9
61,49590,6
62,61952,9
62,50399,7
62,37520,9
62,21,9
62,22297,8
62,56215,7
62,57555,8
62,41084,8
62,48316,9
62,42203,7
62,39535,7
62,52991,7
62,51553,8
62,55888,8
62,164,9
62,53111,9
62,61316,9
62,44511,8
62,36946,9
62,813,9
62,40211,9
62,513,7
62,41487,7
62,49701,7
62,58567,8
62,59953,8
62,2685,7
62,40834,7
62,13125,8
62,33049,9
62,37514,7
62,1735,8
62,54857,8
62,137,9
62,58572,8
62,62340,7
62,35851,9
62,40434,7
62,138,8
62,43,8
62,44,8
62,31757,6
62,28735,8
62,61517,6
62,877,9
62,37987,7
62,2001,7
62,1210,6
62,55866,5
62,55357,6
62,55016,7
62,31043,8
62,32366,7
62,31758,9
62,578,6
62,63375,7
62,33352,8
62,53065,6
62,41025,5
62,36838,5
63,40787,9
63,28805,9
63,57647,7
63,59636,8
63,63019,9
63,61930,8
63,1142,9
63,35557,7
63,42941,8
63,22789,8
63,46102,8
63,6114,7
63,164,8
63,49574,7
63,55644,8
63,58222,5
63,40730,6
63,49310,7
63,37095,5
63,40729,6
63,59897,6
63,59551,8
63,9863,6
63,9756,5
63,45577,7
63,17074,7
63,5,8
63,4181,7
63,40434,9
63,53273,7
63,50265,5
63,60570,8
63,5114,9
63,61335,8
63,31646,8
63,2904,8
63,28977,9
64,41025,7
64,18115,8
64,50159,8
64,41467,9
64,40417,7
64,12355,7
64,40028,8
64,53273,9
64,53540,9
64,51535,8
64,58125,8
64,138,8
64,59192,8
64,5081,9
64,35760,8
64,20651,7
64,50172,7
64,50265,7
64,2685,9
64,31181,7
64,57864,8
64,32366,8
64,52588,7
64,15335,7
64,38680,9
64,49722,9
64,10165,7
64,813,8
64,5460,8
64,36999,9
64,52991,7
64,205,7
64,23847,7
64,11843,7
64,372,6
64,37055,7
64,52034,6
64,13125,5
64,22507,8
64,39741,8
64,46102,7
64,43,6
64,22535,7
64,63375,5
64,37514,8
64,58222,8
64,40211,7
64,22135,6
65,12365,8
65,10165,10
65,55644,9
65,40591,8
65,40853,8
65,56215,8
65,35839,10
65,59986,8
65,30654,9
65,7472,8
65,34612,10
65,25835,10
65,38040,8
65,12431,10
65,3091,8
65,62568,9
65,55690,8
65,43608,8
65,37510,10
65,50159,8
65,235,8
65,62568,9
65,57334,9
65,59027,9
65,25681,10
65,23847,9
65,61322,8
65,40784,10
65,9969,10
65,50602,8
65,60371,10
65,35843,9
65,38691,10
65,28977,8
65,55357,8
65,245,9
65,39547,8
65,51440,10
65,49458,10
65,57592,9
65,31181,10
65,37105,9
65,39551,8
65,205,8
65,61903,9
65,36838,10
65,57658,9
65,44074,10
65,11981,9
65,50399,10
65,5114,6
65,28851,7
65,5028,8
65,56538,7
65,52588,9
65,37515,7
65,36098,8
65,53273,10
65,31240,8
65,53236,6
65,36371,8
65,11977,6
65,59983,6
65,39894,8
65,5341,7
65,44,10
65,63375,10
65,37989,6
65,37520,7
65,3226,8
65,60098,8
65,40730,8
66,1535,8
66,42897,8
66,59192,8
66,11061,10
66,21899,8
66,47194,8
66,51009,10
66,3226,10
66,57864,10
66,31181,8
66,1365,10
66,60098,10
66,264,8
66,60489,8
66,54898,9
66,61322,9
66,33255,10
66,5258,8
66,59027,9
66,60022,10
66,56784,8
66,41487,9
66,58390,8
66,10937,8
66,57,8
66,44940,9
66,49721,9
66,36838,9
66,49918,10
66,5028,9
66,20583,9
66,9863,8
66,235,10
66,170,8
66,41467,10
66,52991,9
66,16498,8
66,30230,10
66,28977,8
66,40028,9
66,38731,10
66,3297,8
66,558,10
66,265,8
66,33,10
66,42203,8
66,28701,9
66,55016,10
66,50594,6
66,35851,6
66,40052,8
66,37105,7
66,40853,6
66,329,8
66,11981,6
66,61316,10
66,37379,6
66,58567,9
66,55772,9
66,22507,6
66,6594,8
66,37822,6
66,55866,6
66,35737,6
66,25781,7
66,40211,7
66,31988,7
66,47794,7
67,22535,8
67,52701,9
67,39808,10
67,801,8
67,3091,10
67,61517,8
67,52215,9
67,31646,10
67,55791,9
67,61903,10
67,61469,8
67,53065,9
67,15227,10
67,37989,10
67,50160,10
67,24701,9
67,28957,10
67,40591,10
67,43,9
67,33,10
67,30276,8
67,42941,10
67,457,10
67,31043,9
67,35180,8
67,49387,8
67,53223,10
67,21939,10
67,59636,8
67,23623,10
67,12431,8
67,52198,10
67,55318,10
67,38003,10
67,22135,9
67,57647,9
67,19,10
67,5040,8
67,17389,8
67,1519,10
67,777,8
67,3002,8
67,62076,9
67,10271,8
67,55772,10
67,57779,10
67,18,10
67,36990,9
67,61930,8
67,54898,9
67,467,8
67,329,8
67,35838,7
67,39741,9
67,62568,6
67,34599,8
67,60557,7
67,32937,7
67,25835,8
67,40664,10
67,813,7
67,31812,6
67,12355,7
67,34036,6
67,52742,6
67,49590,9
67,42938,9
67,2246,6
67,50172,10
67,36838,9
67,56752,7
67,41457,8
67,6811,9
67,11977,9
67,12365,9
67,2251,7
67,32,10
67,40028,10
67,39551,6
67,4565,9
68,53393,9
68,36862,8
68,31181,7
68,17074,8
68,24687,7
68,7311,7
68,9260,8
68,35838,9
68,4282,7
68,32005,8
68,49114,8
68,24701,7
68,40052,9
68,21329,9
68,1365,9
68,43325,9
68,801,7
68,28957,9
68,38450,7
68,53540,8
68,5205,9
68,60022,6
68,50602,5
68,392,5
68,39533,7
68,3784,7
68,35839,7
68,3297,5
68,38474,5
68,35466,7
68,61930,6
68,36838,5
68,23327,7
69,38450,9
69,5205,7
69,51553,8
69,60557,8
69,37822,9
69,19123,7
69,49818,9
69,58572,9
69,60988,9
69,36862,9
69,48316,8
69,51179,8
69,1735,9
69,49114,8
69,49574,7
69,52701,7
69,37514,7
69,513,8
69,55809,7
69,33050,7
69,877,8
69,28701,9
69,10408,8
69,40834,8
69,512,8
69,4081,8
69,42203,8
69,38040,7
69,585,9
69,2685,8
69,28805,9
69,5114,7
69,1033,7
69,21939,7
69,55772,8
69,918,5
69,10863,8
69,31181,7
69,34036,5
69,23847,5
69,32935,6
69,38691,6
69,41025,5
69,48653,7
69,10165,7
69,5258,6
69,36098,8
69,35180,7
69,53273,9
69,38474,7
69,20583,5
70,55888,7
70,31240,9
70,45576,7
70,51179,7
70,39587,8
70,48316,7
70,41487,9
70,39551,8
70,37055,8
70,54595,9
70,49458,9
70,62927,8
70,49818,8
70,61316,7
70,38040,9
70,54857,8
70,28805,8
70,39535,9
70,32937,9
70,42203,7
70,52701,8
70,43325,5
70,7472,9
70,11665,6
70,20651,6
70,30484,9
70,41457,8
70,51805,7
70,49310,6
70,5,6
70,40028,7
70,48569,8
70,11061,8
70,36990,5
70,38249,7
70,43,5
70,34599,9
70,35110,7
70,60022,8
70,1519,6
70,38883,8
70,558,7
70,50594,6
70,512,8
70,40682,8
70,2402,6
70,33255,6
70,55823,6
70,1365,7
71,21939,9
71,49590,7
71,49413,7
71,40434,9
71,801,8
71,38450,8
71,23623,7
71,49114,7
71,34599,9
71,13125,8
71,55357,7
71,54898,8
71,34036,9
71,41084,7
71,5460,9
71,46102,7
71,37514,8
71,35838,7
71,9617,8
71,54029,8
71,47917,9
71,59150,7
71,24701,7
71,43325,8
71,35839,9
71,36999,9
71,37779,8
71,28957,9
71,13601,9
71,59408,7
71,39167,9
71,59228,7
71,31758,7
71,5081,8
71,45556,8
71,39808,7
71,43,7
71,50330,7
71,2246,8
71,38003,9
71,31043,7
71,36990,9
71,38475,7
71,2251,9
71,47194,7
71,42984,8
71,137,8
71,5941,5
71,42897,5
71,44087,8
71,61952,7
71,30276,8
71,26055,5
71,35851,6
71,45,7
71,48316,6
71,58222,6
71,36649,5
71,16498,8
71,45649,8
71,52198,7
71,39551,7
71,5028,7
71,5341,7
71,44070,5
71,15227,6
71,58567,6
71,59983,5
71,41457,6
71,49571,6
72,46654,7
72,10534,9
72,2150,9
72,45577,9
72,36885,9
72,40853,8
72,4107,6
72,820,8
72,63019,8
72,25681,7
72,57555,6
72,40834,7
72,59636,7
72,34537,8
72,39535,6
72,15335,9
72,2904,9
72,9260,6
72,40052,8
72,55866,7
72,60058,6
72,50160,8
72,627,6
72,58572,6
72,801,8
72,53065,7
72,61952,7
72,52701,7
72,30,5
72,45556,7
72,43608,6
73,245,8
73,40748,7
73,19363,9
73,38883,7
73,37450,9
73,11843,9
73,18617,8
73,35111,9
73,39167,8
73,31988,8
73,60098,8
73,52578,7
73,35110,7
73,48561,8
73,39533,8
73,39166,9
73,1575,7
73,37171,8
73,38731,9
73,51440,9
73,10165,9
73,59551,8
73,57433,8
73,40776,8
73,5941,7
73,232,8
73,32935,9
73,31933,6
73,53393,7
73,10937,7
73,48569,9
73,578,5
73,62076,9
73,60489,9
73,33352,7
73,37779,6
73,36371,5
73,185,8
73,57864,8
73,62277,7
73,28977,7
73,5028,6
73,59571,9
74,61930,9
74,42941,9
74,35557,9
74,57647,8
74,46102,10
74,59636,10
74,28805,9
74,37999,6
74,36098,10
74,40748,9
74,263,9
74,55825,9
74,31988,9
74,52198,7
74,32005,9
74,21899,6
74,31812,6
74,1,9
74,4565,9
74,801,7
74,578,9
74,51039,9
74,34591,9
74,627,7
74,50172,9
74,3297,6
74,40059,9
74,62076,9
74,60543,9
74,25777,10
74,2150,9
74,39808,9
74,5028,8
74,44,7
74,28891,10
74,47778,7
74,38889,8
74,56524,9
74,59408,7
74,11843,6
75,47194,10
75,39587,9
75,54595,9
75,30709,9
75,56752,9
75,46095,8
75,60489,8
75,49818,9
75,5258,9
75,31043,9
75,61316,10
75,41487,10
75,19647,9
75,263,8
75,40729,8
75,42203,8
75,6811,8
75,51179,9
75,15335,8
75,30484,8
75,55888,8
75,7785,8
75,39551,10
75,2921,8
75,48316,8
75,49458,10
75,264,9
75,37055,8
75,32188,9
75,39535,10
75,54857,10
75,62927,8
75,44074,9
75,35557,9
75,44087,6
75,30346,9
75,51009,8
75,35737,6
75,57334,6
75,205,8
75,372,6
75,777,6
75,9989,6
75,6114,6
75,50594,9
75,40417,8
75,13601,8
75,38731,7
75,38680,9
75,10162,7
75,36370,9
75,59845,9
76,56524,8
76,57433,7
76,11665,7
76,59192,8
76,50172,7
76,6594,8
76,57067,7
76,24701,8
76,2251,8
76,12355,7
76,440,7
76,25681,7
76,49926,8
76,1735,9
76,61469,9
76,5341,7
76,11979,9
76,59953,9
76,45556,8
76,59150,7
76,40784,9
76,31181,7
76,37450,8
76,2966,9
76,30709,7
76,32182,7
76,34591,7
76,50159,9
76,59228,9
76,6864,8
76,57334,9
76,37510,8
76,39247,9
76,392,9
76,42938,7
76,10379,8
76,21939,7
76,9756,9
76,55823,8
76,38000,9
76,57658,9
76,49701,7
76,50594,7
76,35247,8
76,31812,9
76,51009,8
76,49571,7
76,56215,7
76,2246,9
76,55809,8
76,28957,8
76,36862,6
76,42984,8
76,53065,6
76,36885,6
76,467,7
76,59986,5
76,34096,6
76,31933,9
76,199,7
76,60098,7
76,52198,7
76,42310,7
76,50160,9
76,57,6
76,61316,9
76,42897,5
76,57555,8
76,39894,7
76,23623,5
76,12431,7
76,23847,5
76,2904,8
76,51553,8
76,60058,8
76,2559,7
76,44511,7
76,36371,8
76,31043,6
77,10162,7
77,22789,8
77,10800,7
77,30,9
77,37379,9
77,50265,7
77,10271,8
77,3002,9
77,32,7
77,31646,8
77,50602,9
77,12355,9
77,35180,8
77,437,8
77,759,8
77,14397,7
77,59027,8
77,37989,6
77,39741,6
77,164,9
77,2685,8
77,57067,8
77,6,6
77,36999,6
77,59408,6
77,25681,7
77,513,6
77,170,6
77,60489,9
77,777,5
77,62277,5
77,35677,6
77,11061,8
77,39808,5
77,512,7
77,59845,5
77,16894,5
78,51440,9
78,25835,8
78,10271,7
78,36885,9
78,44055,9
78,10030,9
78,55255,9
78,53065,7
78,3002,7
78,58125,7
78,12365,9
78,34798,6
78,36538,8
78,11843,6
78,186,8
78,11917,7
78,486,8
78,1365,8
78,37520,7
78,47194,8
78,62896,8
78,52588,7
78,31812,8
78,41487,8
78,36862,7
78,60544,7
78,37822,8
78,35111,8
78,31757,6
78,49721,6
78,56784,7
78,42938,6
78,2001,6
78,49918,6
78,22135,6
78,50399,9
78,30276,5
78,457,8
78,9969,6
78,19363,6
79,30,8
79,32,10
79,437,9
79,5341,8
79,3786,6
79,523,9
79,44,8
79,28701,7
79,24701,7
79,59978,10
79,263,6
79,44070,8
79,777,7
79,5300,7
79,2251,7
79,31812,8
79,61952,10
79,37514,6
79,62076,9
79,30276,9
79,264,8
79,57,9
79,164,8
79,16498,8
79,28891,8
79,35839,8
79,51440,9
79,55823,10
79,15417,7
79,21899,8
79,45,6
79,186,7
79,4107,7
79,1575,7
79,9735,9
79,22789,8
79,22507,6
79,53393,6
79,31646,7
79,58919,7
79,5460,9
79,34591,7
79,11981,8
79,46095,7
79,11843,9
79,38524,9
79,12029,9
79,9260,6
79,245,6
79,58572,7
79,48316,7
79,60557,8
79,21939,10
79,36862,10
79,47917,8
79,7655,9
79,35838,8
79,61930,10
79,38475,9
79,59636,9
79,40417,9
79,52588,9
79,35557,8
80,55357,8
80,7791,9
80,37520,9
80,37171,9
80,28977,8
80,30709,9
80,57592,8
80,52578,8
80,235,10
80,60544,9
80,21899,9
80,31181,10
80,41487,9
80,23847,9
80,40591,10
80,45,8
80,61322,9
80,57864,10
80,50159,10
80,57334,9
80,36838,9
80,3091,9
80,40784,9
80,777,8
80,38040,10
80,30654,8
80,10165,10
80,34096,8
80,10863,10
80,55825,10
80,35843,10
80,44087,9
80,1698,9
80,33255,8
80,60371,10
80,232,10
80,918,8
80,245,10
80,52701,9
80,36999,10
80,39547,9
80,9735,8
80,10534,8
80,15417,10
80,40211,7
80,31240,7
80,50594,7
80,2966,7
80,22507,8
80,32983,10
80,48653,7
80,23623,6
80,22297,8
80,14397,6
80,57647,10
80,56784,7
80,40729,6
80,2402,7
80,5258,10
80,30484,7
80,62076,9
80,39247,8
80,55102,7
80,53447,10
80,49722,8
80,46654,6
80,5040,6
80,35677,6
80,36538,8
81,57779,9
81,7785,7
81,37779,8
81,47194,8
81,5205,7
81,1535,9
81,10271,8
81,49590,9
81,3786,9
81,22535,7
81,43325,9
81,49413,8
81,43,9
81,51535,8
81,11981,9
81,38524,8
81,30,9
81,31240,7
81,3002,9
81,35760,9
81,13125,7
81,11977,8
81,30484,9
81,36649,8
81,6114,9
81,49818,8
81,2246,7
81,61316,8
81,25777,7
81,13601,8
81,5040,9
81,19,7
81,55255,9
81,777,9
81,40028,9
81,42203,9
81,32188,8
81,9253,9
81,59408,7
81,44074,8
81,46102,8
81,11979,9
81,48583,7
81,40834,6
81,38691,8
81,5941,5
81,40682,8
81,39166,8
81,55690,9
81,11577,8
81,31933,5
81,52198,7
81,58567,7
81,55809,8
81,61952,6
81,57647,6
81,1365,5
81,30276,8
81,42941,8
81,37095,8
81,21,8
81,34591,9
81,245,8
81,36999,5
81,36275,6
81,40434,7
81,49458,5
82,45577,7
82,46654,9
82,170,7
82,11981,5
82,49918,7
82,486,5
82,338,5
82,58514,8
82,39741,8
82,50159,7
82,264,7
82,50265,8
82,22507,8
82,37450,8
82,2001,9
82,50594,8
82,3226,5
82,37991,8
82,59986,6
82,25777,8
82,55318,5
82,53111,5
82,12029,7
82,11741,8
82,627,5
82,164,9
82,15227,6
82,39486,7
82,38475,7
82,39547,6
82,49574,6
82,61322,7
82,2246,7
82,35557,6
82,6,7
82,10030,7
82,35843,8
82,372,8
82,55809,5
82,40417,8
82,55823,8
82,39247,8
82,54959,6
82,15335,9
82,55690,5
82,16498,6
82,37779,8
82,39808,7
82,38826,8
82,59636,6
82,42941,7
82,55888,7
82,30276,6
82,10937,6
82,37520,7
82,28957,9
82,45649,6
82,47194,8
82,57658,6
82,35677,6
82,52198,6
82,37105,8
82,21899,8
82,22789,6
82,6864,6
82,22135,6
82,20651,7
82,50330,5
82,40787,8
82,35247,8
82,28851,7
82,49458,7
82,199,7
82,62568,7
82,265,8
82,24415,7
83,30,7
83,36885,8
83,437,9
83,32,9
83,50330,6
83,877,8
83,33050,7
83,39551,5
83,38249,5
83,15227,8
83,59983,7
83,59897,5
83,50265,8
83,59978,7
83,7655,6
83,30654,8
83,19647,6
83,58572,6
83,37822,6
83,2418,5
83,60098,9
83,7311,7
83,26055,6
83,2402,8
83,585,5
83,52684,8
83,32843,7
83,55690,7
83,51039,7
83,1535,8
83,36370,6
83,1519,5
83,37520,7
83,37171,8
84,7472,9
84,49571,9
84,11665,7
84,6594,9
84,38003,9
84,44070,7
84,51535,7
84,53998,8
84,37520,9
84,60557,7
84,61517,7
84,36990,7
84,6945,7
84,36946,7
84,61469,9
84,9735,7
84,56215,7
84,49818,9
84,457,7
84,59983,8
84,50602,9
84,2150,9
84,36275,7
84,32983,9
84,55809,9
84,50160,9
84,36649,8
84,25781,9
84,39486,9
84,813,7
84,57067,8
84,30654,7
84,10087,8
84,50330,8
84,62896,9
84,55823,8
84,59571,7
84,6114,7
84,59845,6
84,42886,6
84,47917,6
84,19,6
84,62568,5
84,12431,6
84,10408,6
84,13125,8
84,265,5
84,585,8
84,41025,5
84,486,7
84,627,5
84,52991,8
84,16894,6
84,55644,7
84,48569,7
84,58222,8
84,16664,8
85,32843,10
85,50159,9
85,21,10
85,759,9
85,1365,6
85,61930,7
85,55791,8
85,62277,6
85,6864,6
85,36946,9
85,35843,10
85,38889,6
85,60098,9
85,48316,9
85,33051,9
85,37510,9
85,5460,7
85,55690,9
85,55644,6
85,34636,6
85,51440,8
85,9253,8
85,37105,7
85,55888,8
85,55318,6
85,39894,6
85,22507,6
85,23847,7
85,10030,8
85,1033,8
85,35247,8
85,19123,7
85,59027,8
85,31181,8
85,34534,9
85,22297,9
85,1,8
85,372,7
85,50250,7
85,170,8
85,35557,7
85,57779,7
85,5028,7
85,54492,7
85,45577,9
85,20651,6
85,5,8
85,37520,9
85,5114,8
85,42886,9
85,57067,7
85,39247,8
85,44511,9
85,4921,6
86,45556,8
86,54898,9
86,59228,10
86,32005,8
86,43,8
86,38003,10
86,38450,9
86,801,9
86,3091,10
86,47194,8
86,53540,10
86,44074,10
86,58514,8
86,467,9
86,45576,9
86,7785,8
86,235,8
86,40434,8
86,40052,9
86,17074,9
86,34036,9
86,34599,8
86,7311,9
86,50330,9
86,2246,8
86,53393,8
86,55644,8
86,55791,8
86,10162,7
86,18617,6
86,62568,9
86,4565,9
86,62568,9
86,60371,6
86,11917,7
86,54595,6
86,34534,9
86,34612,8
86,49721,7
86,41457,6
86,6945,6
87,55772,8
87,45,7
87,457,8
87,58514,9
87,53223,7
87,918,7
87,50399,7
87,31812,9
87,2251,7
87,49574,7
87,39486,9
87,61469,9
87,60557,9
87,51039,7
87,578,9
87,7472,9
87,37491,7
87,37822,8
87,338,9
87,62340,7
87,62277,7
87,49926,8
87,60420,9
87,9735,7
87,55809,7
87,2246,8
87,40434,8
87,59192,9
87,61517,7
87,37208,9
87,40682,7
87,28957,9
87,55825,8
87,59408,7
87,21939,7
87,43325,9
87,205,8
87,52215,9
87,1033,9
87,24687,9
87,49114,7
87,44412,7
87,21329,9
87,33095,7
87,28977,8
87,47778,9
87,60544,7
87,63019,9
87,53273,8
87,61322,9
87,36370,7
87,4081,8
87,372,6
87,11981,8
87,185,7
87,777,7
87,10379,9
87,60543,7
87,55888,8
87,14397,8
87,22507,6
87,42897,6
87,40052,7
87,1142,5
87,2685,7
87,61316,8
87,49310,6
87,59978,9
87,39112,8
87,5460,5
87,59983,7
87,46102,7
87,34798,5
87,56523,6
87,54959,6
88,42941,10
88,44055,8
88,10379,8
88,22789,10
88,51440,9
88,10162,9
88,59636,10
88,38474,10
88,34534,8
88,34798,10
88,57647,10
88,24701,9
88,34591,8
88,61930,10
88,21329,8
88,23623,9
88,36538,9
88,32983,10
88,38475,10
88,35838,10
88,39808,10
88,39533,9
88,11665,8
88,46102,8
88,3297,8
88,28957,9
88,36990,8
88,59551,8
88,21939,10
88,28805,9
88,20651,8
88,4081,8
88,457,9
88,5300,8
88,36275,10
88,58222,9
88,35557,9
88,30346,9
88,2150,9
88,24687,9
88,55823,8
88,39112,7
88,39551,9
88,19363,9
88,34036,9
88,5114,7
88,12355,8
88,22135,7
88,37491,10
88,50159,7
88,21,7
88,35111,8
88,440,8
88,61517,9
88,55644,7
88,36371,7
88,54492,10
88,3786,9
88,523,7
88,50330,6
88,50407,8
88,59408,6
88,35466,7
88,50160,8
88,44074,9
88,11843,8
89,42938,7
89,60058,7
89,54595,8
89,36649,7
89,40417,7
89,34591,9
89,10408,7
89,37208,8
89,25681,7
89,55823,9
89,338,7
89,11665,8
89,49310,7
89,34534,9
89,39535,8
89,40434,7
89,30709,9
89,39551,9
89,877,9
89,5300,7
89,55791,8
89,55888,7
89,48316,8
89,36538,9
89,51179,9
89,232,9
89,41487,7
89,45576,7
89,36275,9
89,585,7
89,10379,7
89,4081,7
89,20651,8
89,56538,7
89,38680,9
89,55866,9
89,372,9
89,38450,8
89,52034,8
89,32983,7
89,37055,9
89,24687,7
89,14397,6
89,39808,7
89,36885,5
89,57067,8
89,33050,9
89,28735,8
89,37999,6
89,60420,8
89,56215,8
89,513,5
89,31646,7
89,54870,8
89,44940,7
89,17389,5
89,2418,6
89,51009,8
89,34240,6
89,3786,6
89,9617,5
89,59897,8
89,5028,5
89,36838,6
89,59551,8
89,62896,6
89,9756,5
90,36885,9
90,54595,10
90,37208,10
90,41487,8
90,60058,10
90,37055,8
90,39551,10
90,45576,9
90,55791,9
90,38450,9
90,55888,10
90,40434,8
90,48316,9
90,39535,8
90,51179,9
90,52034,8
90,12531,8
90,61335,6
90,170,7
90,1519,6
90,30,6
90,1365,7
90,37379,8
90,801,8
90,2904,7
90,55823,9
90,59228,7
90,39112,8
90,55809,6
90,46654,8
90,56215,8
90,523,8
90,39247,8
90,62076,9
90,43,9
90,22507,8
90,40853,6
90,44412,9
90,5258,9
90,41084,8
90,38826,9
90,24687,7
90,7785,10
90,54870,8
90,13601,7
90,39486,8
90,3226,9
90,5420,8
90,50172,8
90,6864,9
90,31933,9
90,5941,8
90,57334,8
90,22135,8
90,12029,8
90,18115,7
90,56523,6
90,5205,8
90,35760,9
90,24701,8
90,55255,9
90,33051,6
90,1210,7
90,42984,9
90,30709,9
90,49387,10
90,6114,9
91,10534,8
91,40853,8
91,2150,7
91,22535,6
91,52684,6
91,38826,7
91,19647,7
91,51535,9
91,20583,7
91,51039,5
91,40664,8
91,759,6
91,60371,5
91,5941,5
91,5081,8
91,36538,7
91,392,7
91,2685,7
91,49310,7
91,35111,8
91,1519,6
91,49918,8
91,60058,5
91,12531,7
91,10408,7
91,9756,5
91,55772,8
91,49701,7
91,164,9
91,59978,8
91,440,5
91,41457,8
91,578,8
91,38680,8
91,137,8
91,60570,7
91,53273,6
91,37991,8
91,627,6
91,37965,6
91,28891,7
91,1735,8
91,56524,8
91,31240,6
91,170,8
91,245,7
91,24701,5
91,60557,6
91,55791,6
91,12431,6
91,877,7
91,46654,7
91,11665,8
91,37822,8
91,1842,6
91,48653,8
91,56538,7
91,44940,7
91,39167,8
91,31646,8
91,40787,5
92,33255,7
92,38000,7
92,7472,7
92,37491,7
92,31812,7
92,37822,7
92,50160,9
92,15227,7
92,37171,9
92,61517,9
92,37521,7
92,24701,9
92,12531,9
92,60988,7
92,59192,7
92,60420,7
92,53236,7
92,40682,7
92,10165,7
92,55809,8
92,45,7
92,28735,9
92,2559,9
92,54029,8
92,61469,9
92,44412,8
92,49387,8
92,21939,7
92,36946,9
92,205,9
92,40784,7
92,2418,7
92,40059,9
92,11981,8
92,7791,6
92,37515,7
92,45576,8
92,20651,7
92,37510,9
92,329,6
92,28851,8
92,38889,8
92,31757,9
92,55888,8
92,53393,5
92,62896,7
92,486,6
92,38475,8
92,46102,9
92,10162,5
92,40417,8
92,41025,8
93,31646,9
93,265,8
93,263,9
93,14397,8
93,40729,8
93,264,9
93,10800,10
93,3002,9
93,2921,8
93,10271,8
93,35180,9
93,36885,8
93,19647,8
93,5258,10
93,2402,10
93,37379,10
93,52742,10
93,46095,6
93,37521,9
93,34591,7
93,36862,6
93,20583,7
93,5028,6
93,40591,7
93,34636,7
93,62340,6
93,44070,9
93,51039,9
93,56752,9
93,51009,8
93,40748,9
93,22507,9
93,46654,7
93,53672,8
93,329,8
93,52701,8
93,138,7
93,38731,9
93,40682,8
93,12355,10
93,60570,8
93,19,10
93,50602,7
93,31240,8
93,39894,9
93,52198,8
93,60371,8
93,57067,8
93,54492,7
93,37514,8
93,62277,8
93,33050,8
93,4282,6
93,18617,8
93,51440,8
93,37055,9
93,5460,7
93,2904,8
93,205,8
93,10534,9
93,30276,6
93,59551,7
93,13601,8
93,61322,9
93,9617,6
93,1535,8
93,53998,7
93,32935,9
94,12029,8
94,329,8
94,40776,9
94,35110,8
94,10937,8
94,558,8
94,36371,10
94,28891,10
94,7655,10
94,627,9
94,52742,8
94,1842,10
94,16894,8
94,5040,10
94,820,8
94,3226,9
94,12431,10
94,11917,10
94,32935,9
94,45649,10
94,23327,10
94,20583,8
94,170,9
94,35111,9
94,51805,10
94,5941,9
94,30230,10
94,5028,9
94,4565,10
94,38883,10
94,5,10
94,1,8
94,36370,9
94,42886,9
94,38731,9
94,33051,8
94,24415,8
94,48316,8
94,55830,6
94,39808,7
94,40730,7
94,7472,7
94,13601,6
94,15335,7
94,39535,9
94,53393,7
94,60022,7
94,57658,9
94,23273,10
94,232,6
94,28701,8
94,39894,10
94,10087,9
94,1575,10
94,33352,6
94,2418,8
94,48561,9
94,14397,8
94,59571,9
94,39741,7
94,62277,7
94,39167,8
94,32,9
94,38475,6
94,37208,8
94,6,6
94,58567,8
94,392,6
94,28957,8
94,45576,7
94,431,7
94,56752,9
94,6864,9
94,31757,9
94,5205,9
95,1210,8
95,9969,10
95,54029,10
95,52578,8
95,37515,9
95,59027,8
95,42886,8
95,56523,10
95,1575,8
95,59986,10
95,60543,9
95,17074,8
95,57592,8
95,49458,10
95,3002,10
95,56215,10
95,40853,8
95,56524,10
95,55644,8
95,245,9
95,2251,8
95,10087,9
95,264,6
95,11741,9
95,39587,8
95,37987,10
95,53672,7
95,28891,10
95,40059,7
95,58572,8
95,37450,8
96,43,7
96,5,8
96,13601,7
96,9969,8
96,4565,9
96,51535,9
96,329,7
96,1575,9
96,48583,9
96,15417,9
96,20583,7
96,3297,8
96,37055,7
96,12115,8
96,35838,7
96,49571,8
96,1842,8
96,33051,9
96,55772,8
96,40729,8
96,42941,9
96,53223,8
96,11917,8
96,44940,9
96,13125,7
96,5040,8
96,36862,9
96,62896,8
96,37965,8
96,37515,7
96,61335,8
96,37514,8
96,10937,7
96,40682,8
96,30230,7
96,28891,9
96,6811,7
96,55791,8
96,61322,7
96,186,7
96,392,5
96,49413,7
96,59027,8
96,40787,5
96,37822,5
96,5341,8
96,49721,5
96,47778,9
96,31758,7
96,22297,6
96,22789,7
96,50330,8
96,39533,5
96,21,7
96,48316,8
96,39808,5
97,25835,10
97,245,10
97,12431,8
97,329,8
97,33095,8
97,338,8
97,60544,6
97,39808,7
97,31646,7
97,53236,6
97,56215,7
97,35838,6
97,6,7
97,35180,7
97,55791,9
97,50399,10
97,372,7
97,52198,8
97,60058,10
97,59062,6
97,2001,8
97,53223,7
97,38040,7
97,59551,6
97,19647,7
97,52701,8
97,759,9
97,49387,9
97,59845,8
97,34599,8
97,50265,8
97,33049,7
97,35737,8
97,4181,8
97,35839,8
97,44940,9
97,45,9
97,10379,9
98,11665,9
98,36538,7
98,457,9
98,34534,7
98,55823,8
98,38474,9
98,39808,8
98,28957,7
98,24701,8
98,28805,9
98,38475,9
98,24687,8
98,35838,9
98,42941,8
98,59636,9
98,46102,7
98,3297,8
98,61930,7
98,35557,9
98,22789,9
98,10379,9
98,23623,8
98,10162,9
98,20651,9
98,21939,9
98,4081,9
98,34798,9
98,5300,8
98,21329,9
98,36275,8
98,32983,9
98,34591,9
98,2150,9
98,57647,9
98,36990,9
98,11741,7
98,52034,7
98,44087,7
98,38249,5
98,30709,6
98,54029,8
98,10863,7
98,60570,7
98,265,8
98,37520,8
98,30276,8
98,36370,8
98,25777,7
98,10271,6
98,11577,5
98,61903,7
98,40784,6
98,33050,8
98,40776,8
98,235,5
98,37105,7
98,9260,8
98,35851,5
98,23327,8
98,52701,7
98,41025,8
98,44940,5
98,30484,7
98,53223,6
98,40730,5
98,39894,7
98,32935,6
98,33352,9
98,877,6
98,513,6
98,31757,7
98,57334,7
98,32188,5
99,572,7
99,51805,9
99,1033,9
99,50160,7
99,61517,8
99,759,7
99,329,8
99,15227,8
99,57647,8
99,25835,8
99,35760,7
99,45649,7
99,35677,9
99,22135,9
99,2001,8
99,42941,9
99,16498,7
99,12029,7
99,338,9
99,801,7
99,59571,9
99,39167,7
99,40028,7
99,16664,7
99,7311,7
99,28805,7
99,38524,8
99,3786,8
99,55357,7
99,2904,9
99,7791,7
99,1,8
99,52991,8
99,7785,7
99,41457,8
99,513,8
99,38826,9
99,777,7
99,37989,7
99,12115,8
99,48583,8
99,61930,7
99,5114,9
99,39166,7
99,9617,9
99,63375,9
99,467,8
99,18617,7
99,52034,7
99,40853,7
99,50407,8
99,57555,6
99,37171,6
99,59978,9
99,56538,7
99,49413,9
99,38088,6
99,34240,5
99,49310,5
99,41487,7
99,59150,7
99,34612,7
99,52198,8
99,51009,7
99,38003,8
99,42310,9
99,37450,6
99,50399,9
99,15417,8
99,12431,6
99,139,5
99,33095,8
99,31240,7
99,37515,7
99,44074,9
99,30276,7
100,54492,10
100,58514,8
100,136,6
100,42310,7
100,5081,9
100,4282,6
100,45576,7
100,38088,6
100,4565,7
100,60543,9
100,60420,6
100,5,7
100,62568,8
100,37999,7
100,329,8
100,51009,8
100,28735,9
100,2921,6
100,15227,8
100,61316,6
100,55016,8
100,16498,10
100,54898,10
100,54870,9
100,45649,8
100,25781,7
100,56215,7
100,40776,8
100,31646,7
100,61517,8
100,47778,8
100,52034,7
100,59571,6
100,12365,8
100,57555,7
100,39894,6
100,6945,6
100,58572,6
100,40682,8
100,59192,9
100,137,9
100,138,6
100,18115,8
100,43,8
100,36098,10
100,37520,6
